Frequency,Averaged_FRF_Magnitude,Averaged_Coherence,Averaged_Phase
0.0,22.23554999705458,0.3691780915050686,36.0
8.3333349609375,109.49910222757724,0.6869296709447781,33.8362395981932
16.666669921875,132.47303039793877,0.6016881401232533,-3.79154250392068
25.000004882812497,132.90231040901585,0.5879040091842346,-44.32452960416957
33.33333984375,92.24444652970897,0.9029725648293319,-75.65581847630449
41.666674804687496,56.78431090354593,0.9924998010662363,-84.45701549177396
50.000009765624995,44.333709755087874,0.9955023284089126,-85.01209789310451
58.333344726562494,36.26231395227901,0.9976792713687465,-87.23239113744913
66.6666796875,30.73631591144633,0.9992185243260374,-87.59190566119189
75.00001464843749,26.72878045227503,0.999541823613723,-87.99773109670404
83.33334960937499,23.761116944293427,0.9996411244796255,-88.35449386885678
91.6666845703125,21.318482900996198,0.9996440093359041,-88.75460833466249
100.00001953124999,19.388052323641176,0.9996702028697685,-89.06449272197233
108.33335449218748,17.7263013921092,0.9997286210945845,-89.25452454174524
116.66668945312499,16.383887126457793,0.999742584322186,-89.24088788028811
125.0000244140625,15.23219363946676,0.99959616677126,-89.29050644382134
133.333359375,14.254883164960017,0.9996239245113927,-89.43954621529699
141.66669433593748,13.413338443230657,0.9988394222671746,-89.55032862471903
150.00002929687497,12.663480745294315,0.9965831279762524,-89.71455130199791
158.3333642578125,11.907157544073637,0.9990314270840436,-89.89367729981231
166.66669921874998,11.229435094662664,0.9997963224049344,-90.01350813176467
175.00003417968747,10.643363302728343,0.9997912782849292,-90.07595210457434
183.333369140625,10.13014660722326,0.9998265991944363,-90.0896876250459
191.6667041015625,9.678186534739972,0.99970767561788,-90.06968134803599
200.00003906249998,9.26600323898068,0.9996026511947269,-90.10699837746867
208.33337402343747,8.8794678850874,0.9997869318558046,-90.08954392141291
216.66670898437496,8.536159051071703,0.9998668728597275,-90.16288082264967
225.00004394531248,8.203738701088149,0.9998546142743336,-90.41344667452755
233.33337890624998,7.876202232865567,0.9998436858532532,-90.54514316699833
241.66671386718747,7.582085411892234,0.9997919528493912,-90.46139911748685
250.000048828125,7.30872033748054,0.999640387395538,-90.40094159507602
258.33338378906245,7.054738420808489,0.9997891277363774,-90.30519566325428
266.66671875,6.825817655463274,0.9998364564434613,-90.30974630792494
275.0000537109375,6.6099756777913665,0.9998194562234634,-90.3342275217221
283.33338867187496,6.421370821843568,0.9997439164574946,-90.3486308414726
291.6667236328125,6.2394462682208225,0.9997197938068474,-90.51960309584749
300.00005859374994,6.046249504784578,0.9996795250876367,-90.67359255387527
308.33339355468746,5.8651648930783145,0.9997761788755296,-90.78176469993453
316.666728515625,5.692206719881385,0.9998318899151153,-90.89660110390659
325.00006347656245,5.52724190725499,0.9998195366229894,-90.887827086308
333.33339843749997,5.3665119034100215,0.9997861576192169,-90.91344261100325
341.6667333984375,5.212077060751264,0.9996844743215039,-90.92130180059652
350.00006835937495,5.078521389789587,0.9994906012791598,-90.86935414156969
358.33340332031247,4.9598171500705615,0.9997087363525216,-90.84867508110338
366.66673828125,4.838930622714868,0.9997374474869553,-90.95175616953246
375.00007324218745,4.7177859301994545,0.999825815068635,-91.00074332714803
383.333408203125,4.601250358261217,0.9997975282902599,-91.01506171409115
391.66674316406244,4.481875182387518,0.9997744926379252,-91.09137571800332
400.00007812499996,4.36755406499878,0.9997710880492987,-91.14911249398286
408.3334130859375,4.26261726365562,0.9997648839152958,-91.10748620282841
416.66674804687494,4.168653813617861,0.9998037142162683,-90.96507340412383
425.00008300781246,4.075979745896921,0.9997200936001013,-90.89502496083995
433.3334179687499,3.9850832614777536,0.9997374276735934,-90.86116996862204
441.66675292968745,3.9103488115398926,0.9995811868547861,-90.94271265793267
450.00008789062497,3.8350740663487195,0.9993102362296472,-91.06039176176783
458.33342285156243,3.7547577523532625,0.9996915582506641,-91.09229784200178
466.66675781249995,3.6729922834132895,0.9997501810918434,-91.1618443719569
475.0000927734375,3.5905111767070235,0.999814215493609,-91.26064327704651
483.33342773437494,3.5063665646192295,0.9998101282841739,-91.23381141023657
491.66676269531246,3.4303937092729777,0.9997929059113716,-91.03448303940586
500.00009765625,3.365521983861174,0.9997408891090369,-90.94414331553234
508.33343261718744,3.305603175577122,0.9997152542227251,-90.93535537170672
516.6667675781249,3.247929454240706,0.9997703890579365,-90.85837534537934
525.0001025390625,3.1888483206855676,0.9997334869502381,-90.89069779621757
533.3334375,3.128671269365337,0.9997114418259538,-91.11933260383827
541.6667724609374,3.0716992375066923,0.9996895240242392,-91.3887900537266
550.000107421875,3.0090148051534906,0.9996166860695233,-91.55455643987241
558.3334423828124,2.9395967595067094,0.9996782385179579,-91.47293373918023
566.6667773437499,2.879063126458243,0.9996732075772691,-91.28684538259591
575.0001123046875,2.8240665775581686,0.9996648930853593,-91.20885902282075
583.333447265625,2.7725674389591908,0.9997194388617068,-91.08673571347569
591.6667822265624,2.730995516331968,0.9996732412218965,-90.98354620689206
600.0001171874999,2.6922487215902637,0.9996068587503395,-91.09209315196463
608.3334521484375,2.6426202242163788,0.9995855750888889,-91.32228068487909
616.6667871093749,2.5861171216787646,0.9995720784064831,-91.42871216967217
625.0001220703124,2.532948771818588,0.9996216623920844,-91.46716666659913
633.33345703125,2.4821504914620944,0.9996547696107376,-91.49701843120309
641.6667919921874,2.430440616991913,0.9995916528624393,-91.39250264846682
650.0001269531249,2.3830738032708054,0.9996335262234934,-91.18943248371667
658.3334619140625,2.3452722997358584,0.9997030968195826,-91.14991499091255
666.6667968749999,2.3097739178983296,0.9996781138499979,-91.12092997493181
675.0001318359374,2.2732628804986623,0.9995246734382425,-91.08629619179632
683.333466796875,2.2335526085611312,0.9993992632389055,-91.24781424783562
691.6668017578124,2.1920694022696745,0.9994545269655571,-91.40285294036845
700.0001367187499,2.1513447573525886,0.9996244313669698,-91.46866239694259
708.3334716796875,2.1089621728773085,0.9994001285798604,-91.54890127689156
716.6668066406249,2.065669995677778,0.9994276193806071,-91.4983615515154
725.0001416015624,2.025392524050763,0.9993960137105059,-91.36322588103589
733.3334765625,1.9862713412826358,0.9994833231916733,-91.21721094408649
741.6668115234374,1.9521365805247806,0.9993383970355124,-91.06187615545134
750.0001464843749,1.9241270654404043,0.9990012571064965,-91.03509394017401
758.3334814453124,1.8976758504133755,0.9992969630831364,-91.13194832132135
766.66681640625,1.865861196633819,0.9993499747809578,-91.42067417420994
775.0001513671874,1.8262800052604653,0.9993508483200582,-91.51927172549912
783.3334863281249,1.7917884504032675,0.9992037673784523,-91.54883331864428
791.6668212890625,1.752342749072718,0.9991452236638253,-91.84192210366491
800.0001562499999,1.7071717177217007,0.9991238923184129,-91.74959290595555
808.3334912109374,1.6742479185444914,0.9989707386069373,-91.37525954108023
816.666826171875,1.651204884619295,0.9989785433806985,-91.1845125969448
825.0001611328124,1.6259660455907083,0.9990216811929914,-91.22332997278893
833.3334960937499,1.5968761395551705,0.9989806127280156,-91.53585954174906
841.6668310546875,1.5596975172403968,0.9991005909291502,-91.7693255163479
850.0001660156249,1.522798595829919,0.9986282191010364,-91.75283063895984
858.3335009765624,1.489325828304099,0.9987694309095072,-91.99185593347946
866.6668359374999,1.4511666656685216,0.9988112780638143,-92.05592703494219
875.0001708984374,1.4158021534281255,0.998851693350797,-91.61176542439773
883.3335058593749,1.38774315614177,0.9986060160356311,-91.1818180208633
891.6668408203124,1.3650442282870252,0.9985854454780231,-91.1437738529547
900.0001757812499,1.337760736344275,0.9987454019327651,-91.2854286841347
908.3335107421874,1.3068522014486046,0.9988759131764283,-91.31953623944807
916.6668457031249,1.2755148458782637,0.9987612009188831,-91.39456109164018
925.0001806640624,1.2443109438476214,0.9982903138101475,-91.44052149503219
933.3335156249999,1.2153569989084967,0.9981808599002073,-91.59017179801667
941.6668505859374,1.1822852710122518,0.9979585489740673,-91.77008215355177
950.000185546875,1.1455820014292493,0.9976258688788576,-91.74962427221793
958.3335205078124,1.114804339665183,0.9978099759245799,-91.52244031925986
966.6668554687499,1.0870876620666117,0.9977930492517949,-91.51744223618246
975.0001904296874,1.0510128969308166,0.9980906133032524,-91.60948257141604
983.3335253906249,1.0168077902137438,0.9981715654243069,-91.57496271199155
991.6668603515624,0.9876359178151874,0.9978041943645224,-91.45366505064922
1000.0001953125,0.9622092985158497,0.9966607346831979,-91.50662311801621
1008.3335302734374,0.9317006566451878,0.9965063562625028,-91.90382046921977
1016.6668652343749,0.8937685788986475,0.996368823448074,-92.26649492547867
1025.0002001953123,0.8551475083498993,0.9960105114542935,-92.41380555072456
1033.3335351562498,0.817767748826453,0.9955639506038969,-92.46022103686865
1041.6668701171875,0.7763708592336432,0.9949923105087928,-92.40175953971352
1050.000205078125,0.7377736361117557,0.9924786112030157,-92.10994000982986
1058.3335400390624,0.7043348408721822,0.9939239387314552,-91.90537356678851
1066.666875,0.666673537992452,0.9932438670968157,-92.1418364537794
1075.0002099609374,0.6255546261339815,0.9915079760290245,-92.44548838324933
1083.3335449218748,0.580956606534495,0.9925469650207482,-93.04699019951988
1091.6668798828123,0.5347642144660775,0.9920845867195448,-93.35008603413662
1100.00021484375,0.48295215444477985,0.9884674156102802,-94.18456513084044
1108.3335498046874,0.4186437982539122,0.9836842343284836,-94.15375536901826
1116.666884765625,0.3552935420089783,0.9793692782261388,-92.95395760040125
1125.0002197265624,0.3014969631949823,0.9672336630395746,-92.56589961005211
1133.3335546874998,0.2333871530732285,0.9407413478222206,-94.6033132570295
1141.6668896484373,0.15477607834126358,0.8653311849807777,-91.33608909392113
1150.000224609375,0.06641510424261146,0.565109582362025,-88.23736468428673
1158.3335595703124,0.030188394762814336,0.3144250347326471,79.17530082908654
1166.66689453125,0.15101131042624738,0.8419339829377342,89.65137088921811
1175.0002294921874,0.2932231674782023,0.953623040406843,86.44735305456382
1183.3335644531248,0.503420306592864,0.9769998623441662,88.37602630253724
1191.6668994140623,0.740823368373268,0.9880403866854724,86.36211904853516
1200.0002343749998,1.17776039735299,0.9873034802318026,89.02453204851733
1208.3335693359375,1.715763846904604,0.97946587426165,85.13198227908663
1216.666904296875,3.543282027088582,0.9399909852798837,89.68070979056222
1225.0002392578124,7.893566828314566,0.23469146968378224,54.65586043031872
1233.3335742187498,11.093115582234992,0.07572218446096365,3.045528521980953
1241.6669091796873,10.015363509726965,0.130419394052534,-48.99717621266185
1250.0002441406248,5.836472920742992,0.9047597556403412,-89.04069069634832
1258.3335791015625,3.003436402563159,0.9825374076645745,-93.78787617596768
1266.6669140625,2.412951015384217,0.9946775196245039,-92.40418823130423
1275.0002490234374,1.8745936531493261,0.9967724002051783,-93.049703689934
1283.3335839843749,1.6270578923510934,0.9967054786128269,-92.48932239399542
1291.6669189453123,1.3903221829950438,0.9969409197877335,-92.21990741850406
1300.0002539062498,1.2492713906614838,0.9958065543813175,-91.65359933023885
1308.3335888671875,1.1221789356826417,0.9957731134988468,-91.22140363354859
1316.666923828125,1.0381683790207221,0.9946595921203315,-91.3679993852358
1325.0002587890624,0.9484329453987179,0.9928913453480618,-91.604153689145
1333.3335937499999,0.8730189030417149,0.9914711091876605,-91.91067195996462
1341.6669287109373,0.7897878497075809,0.9869108898628344,-92.08978126614088
1350.0002636718748,0.7226585099370965,0.9853035392137397,-92.40059918211969
1358.3335986328123,0.6585162918656542,0.9891946198692019,-92.51203925956295
1366.66693359375,0.595510256959538,0.9869250139789848,-92.30194524711843
1375.0002685546874,0.5400320622077557,0.9809768981313394,-90.77943290145308
1383.3336035156249,0.5033674908669241,0.9824621680594087,-90.34333941526646
1391.6669384765623,0.4609276784131547,0.9750646112926443,-90.99171997079185
1400.0002734374998,0.4205709931502465,0.964490967010798,-91.5816719273557
1408.3336083984373,0.3804352855137874,0.9524506504634342,-92.36363896790334
1416.666943359375,0.33452021243060487,0.9493960764496236,-94.18138417324693
1425.0002783203124,0.2847091561254611,0.9401514904039704,-96.04031413461942
1433.3336132812499,0.23468828203925163,0.9119713466754243,-96.65926396911473
1441.6669482421873,0.18010441991363513,0.8063601647617246,-95.84624538858984
1450.0002832031248,0.13479171044545568,0.7140974484631517,-94.38860229482046
1458.3336181640623,0.10172630567536935,0.5977960657604994,-91.82272857914552
1466.666953125,0.07014376038610041,0.40909885069672913,-84.84658448456705
1475.0002880859374,0.035163933527206585,0.2266013761018006,-58.627561008304454
1483.333623046875,0.0018458169451084148,0.11215163118448068,39.49115071745605
1491.6669580078124,0.035210545231315324,0.2932447960935166,19.775669201129872
1500.0002929687498,0.08005193675009935,0.5510743894217814,93.03267008294219
1508.3336279296873,0.12823878342817266,0.7445113286641538,93.34139542238461
1516.6669628906247,0.18445968138438798,0.8326861172024091,91.4114115007678
1525.0002978515624,0.2315118522783762,0.8803935249769754,86.15022989751075
1533.3336328125,0.27262287979990707,0.8757113529724758,83.70850730748222
1541.6669677734374,0.3048213805931689,0.8923657144614111,80.33619614650522
1550.0003027343748,0.32115857624726146,0.9084267594019668,79.0196674610144
1558.3336376953123,0.34792074621822994,0.9257079752779941,82.75567038524677
1566.6669726562498,0.39392538259087906,0.9432390633373327,85.54084172760179
1575.0003076171874,0.4424898412060921,0.9443085462163424,85.93625170179504
1583.333642578125,0.4934999060145232,0.9605699376050714,86.10788697634565
1591.6669775390624,0.5447978480725287,0.9578913405861424,84.85631755732554
1600.0003124999998,0.5947326929600363,0.9643255381749398,84.30776007341179
1608.3336474609373,0.6431176681730574,0.9670118309864051,83.2141153633246
1616.6669824218748,0.658827576259786,0.9654028669890774,81.30267210648674
1625.0003173828122,0.6694886405869711,0.9673811332243366,81.51213002687453
1633.33365234375,0.7162422109921818,0.974168833127278,82.55073234202753
1641.6669873046874,0.7741461891789575,0.9758334862773118,83.67946821672228
1650.0003222656248,0.8271904264812256,0.9777928683916107,84.7234533961886
1658.3336572265623,0.8748915158409311,0.9816349340877796,84.61748663044814
1666.6669921874998,0.9124410113150085,0.9819405846753684,84.48353268552125
1675.0003271484372,0.9571574314692354,0.9819297807908054,84.69787380870486
1683.333662109375,1.0088475083006399,0.982103704410253,83.57975708742931
1691.6669970703124,1.0428090048793819,0.9846814639574963,82.81718770982533
1700.0003320312499,1.0814024423062558,0.9833013540503833,82.90854193511845
1708.3336669921873,1.1267750102360192,0.9837732591618467,82.79983041026759
1716.6670019531248,1.1766181648174672,0.9830795559574377,83.42152693462677
1725.0003369140622,1.2306238043631712,0.9813501360934037,84.6165738237264
1733.3336718749997,1.2798583390755505,0.9807882946097466,84.9880145496664
1741.6670068359374,1.3382524409151793,0.9842457171883471,85.2674777346579
1750.0003417968749,1.4256125288012773,0.9876394626574492,85.78060349242647
1758.3336767578123,1.512661222795954,0.9885035391060233,85.013112323493
1766.6670117187498,1.5820289737048994,0.9888450392524124,83.90344619280889
1775.0003466796873,1.6275897797452445,0.9876524205511688,83.05606063884164
1783.3336816406247,1.6477069593776998,0.9866576931831592,82.61234929806629
1791.6670166015624,1.694139225244062,0.9877580144636606,83.04175671828929
1800.0003515624999,1.7626164347001403,0.988962639568545,83.87840472896067
1808.3336865234373,1.8327436957985632,0.9889078650760137,84.99428116006095
1816.6670214843748,1.920676005399875,0.9866572588095025,86.1190131090517
1825.0003564453123,2.020969021783978,0.9906859886581062,85.77708512848342
1833.3336914062497,2.0921598294206203,0.9911140806071931,84.9017029456862
1841.6670263671874,2.158845660901207,0.988917916727473,84.67018174526257
1850.0003613281249,2.2353365770866214,0.9877909020544046,84.54870494270058
1858.3336962890623,2.307857994660319,0.9899429692609877,84.51519223716816
1866.6670312499998,2.3810725765771554,0.9885308322064514,84.13517268811297
1875.0003662109373,2.4595559566527276,0.9892273962040334,84.10257051550056
1883.3337011718747,2.5626619940693303,0.9892502917478676,84.56560445650743
1891.6670361328122,2.664425068345909,0.9891969869090461,84.62198122439689
1900.00037109375,2.7710961800346827,0.9891379796441402,84.75331917823516
1908.3337060546874,2.920083822611417,0.9890883001420265,85.0649445130202
1916.6670410156248,3.051233289029925,0.9866720945255458,84.53031457612323
1925.0003759765623,3.1391090333683063,0.9886344388956856,83.61210577544043
1933.3337109374997,3.2256485152396555,0.9893794130531773,83.55565137928104
1941.6670458984372,3.329696031934767,0.9871885342761171,83.56772012405263
1950.000380859375,3.440716348106468,0.9862391550792543,83.27262783408642
1958.3337158203124,3.546148692600956,0.9869810681820358,83.32288520148072
1966.6670507812498,3.652702862930441,0.9856644637750638,83.91701853158415
1975.0003857421873,3.773786327916917,0.987437874632341,85.09677015180216
1983.3337207031248,3.9010824268398117,0.9872196224968659,86.10071662100367
1991.6670556640622,4.046475067585152,0.9839793375332612,86.20911238683222
2000.000390625,4.2540291423778935,0.985420887582728,85.76777639288618
2008.3337255859374,4.507261706146677,0.9853111151363381,85.09733117342319
2016.6670605468748,4.6873390671986845,0.9841253948979976,84.7444603092093
2025.0003955078123,4.823943202433029,0.9863643411349099,84.37513585226604
2033.3337304687498,5.014588974475015,0.9877873507683226,83.88273403812994
2041.6670654296872,5.23249661207347,0.9866310685031945,83.67420936104372
2050.0004003906247,5.384037548447823,0.9796671495107157,83.84958712559157
2058.333735351562,5.630092838911826,0.9800225700793831,84.51233512673377
2066.6670703124996,5.953049478565391,0.9865139385266641,84.92238783674638
2075.000405273437,6.243361155569249,0.9860469461363964,85.44266015677883
2083.333740234375,6.521204112320838,0.9839520756413199,85.66129913403371
2091.6670751953125,6.838159231346046,0.9853778599899167,84.96784642017127
2100.00041015625,7.135322675549365,0.9832437286063394,84.14736020286986
2108.3337451171874,7.352301367865947,0.9800451031793702,83.99672833742773
2116.667080078125,7.6408893880889455,0.9823552045011225,84.45768918677933
2125.0004150390623,7.9702505364606875,0.9802980334153151,84.88573856565677
2133.33375,8.280117380108662,0.9733155574317879,84.99711262392661
2141.6670849609372,8.750863939037,0.9750869615107585,84.96208333573006
2150.0004199218747,9.316595992508564,0.9754129210308795,85.31909538874643
2158.333754882812,10.068302734947375,0.9824470145823312,85.4917385991383
2166.6670898437496,10.59883104543492,0.9766471242520526,85.26175012002531
2175.000424804687,11.098299266435946,0.9760392086347771,85.26039419950885
2183.3337597656246,11.696901708935583,0.9783083313002926,85.79637496712664
2191.6670947265625,12.441679201644668,0.976911820176551,86.00122189487328
2200.0004296875,13.222373975831871,0.9745939875089042,85.517940392719
2208.3337646484374,14.004384743552738,0.9755790583527739,84.70766873735906
2216.667099609375,14.855506619085668,0.9812912476023481,84.38222181437362
2225.0004345703123,16.01103485201516,0.9806418430339926,84.88166494465437
2233.33376953125,17.349601833769448,0.9783921941633309,84.76774659353485
2241.6671044921873,18.844919493604003,0.9776076257857887,84.34613054707658
2250.0004394531247,20.729819237207636,0.9789948083623887,85.02750794083178
2258.333774414062,22.915023417626713,0.9803957294949324,85.51095912880126
2266.6671093749997,25.041765023666375,0.9811600275308482,85.27275525737917
2275.000444335937,27.75495391187446,0.979973242303546,84.77677766319314
2283.3337792968746,31.004435100615368,0.983921941331117,84.78088208355082
2291.667114257812,35.145450067993934,0.9828812778187874,84.12220068876147
2300.00044921875,40.86010025871019,0.9836658028800377,83.84615499506722
2308.3337841796874,48.843523284691045,0.9811700897404407,83.56591640690822
2316.667119140625,59.84232943044858,0.9782354252682792,83.78998935549552
2325.0004541015624,79.22720324657224,0.9743385510845268,81.40060704372947
2333.3337890625,114.12917518189956,0.978522922418857,78.80451932486328
2341.6671240234373,199.6608665393374,0.9407656301565182,62.14849546029541
2350.0004589843747,297.75327281217983,0.6496050565051428,24.16512158860773
2358.333793945312,324.5171673664487,0.560231365166434,-20.29351088892731
2366.6671289062497,242.09235048884807,0.8319052866327776,-60.68115844995763
2375.000463867187,136.981591247041,0.9717823311277398,-83.48638759745708
2383.3337988281246,88.94947540392187,0.9780908225502793,-85.16253483470926
2391.667133789062,69.10951897808287,0.9808532861363671,-87.87764980249288
2400.0004687499995,56.133488521636366,0.9825087538656442,-88.29904044087809
2408.3338037109374,47.47165811770452,0.9831022753212879,-89.35339165255519
2416.667138671875,41.06500968677112,0.9843563985330069,-89.53761110591202
2425.0004736328124,36.428108625991136,0.9832493446717722,-89.9880350214694
2433.33380859375,33.020623631498985,0.98485022872072,-90.17165814075094
2441.6671435546873,30.056224882284926,0.9855684097108064,-91.04224873946
2450.0004785156248,27.5587398753069,0.9885445943531636,-91.56827407326467
2458.333813476562,25.44884087407047,0.9883615571676968,-92.01272277516952
2466.6671484374997,23.676944604244294,0.9862314513494279,-92.21356461368876
2475.000483398437,22.151359273260145,0.9855017637929437,-92.53778189210959
2483.3338183593746,20.837246975722202,0.9877439623455226,-92.30945353473771
2491.667153320312,19.91052005969807,0.9871700776751116,-92.16840368945077
2500.0004882812495,18.98450218628542,0.9845513964438485,-92.22853334234182
2508.3338232421875,18.05018599770303,0.9876525627496022,-92.20967645314163
2516.667158203125,17.209384936152926,0.9887843177511266,-92.30286008535538
2525.0004931640624,16.32338350648967,0.9859582807171628,-92.9987569579355
2533.333828125,15.443497501693844,0.9856818257628273,-93.29606388039403
2541.6671630859373,14.786098434555868,0.9891325791384915,-93.0989213041333
2550.000498046875,14.206036666668233,0.9897229271189341,-93.2883206828304
2558.3338330078122,13.514647506557916,0.9876496846693682,-93.5802485036348
2566.6671679687497,12.720901291248559,0.9878555331161518,-92.98027767424877
2575.000502929687,11.878743076928254,0.9884011989232337,-92.28581273574108
2583.3338378906246,10.517650963836493,0.9817965532737055,-87.79896524327314
2591.667172851562,11.363003492848291,0.8391273663804748,-74.66624181668664
2600.0005078124996,14.763051505137682,0.8436203654129472,-76.02818599991451
2608.333842773437,15.262352788732741,0.9715565387960462,-87.91562657439586
2616.667177734375,13.621641151154536,0.9887133967996189,-93.65090597459289
2625.0005126953124,12.675264066212161,0.9878461941175829,-93.86007618724511
2633.33384765625,12.129564836409575,0.9893973912855462,-94.06655773915911
2641.6671826171873,11.67675908720248,0.988178350766343,-94.03612996548996
2650.000517578125,11.337050752924187,0.9878233087822211,-94.18331094397615
2658.3338525390623,11.01383439393281,0.9850458439707955,-94.25911882467884
2666.6671874999997,10.82941111712562,0.9883255264695503,-94.40165715268398
2675.000522460937,10.718963622957556,0.9888713159937688,-94.29646807919053
2683.3338574218747,10.600868919404624,0.9887329379258032,-94.49552054920771
2691.667192382812,10.285866575845883,0.9881356430510977,-94.63070374051813
2700.0005273437496,10.024313544066473,0.9881745426912925,-94.70434065371668
2708.333862304687,9.885579850739983,0.9871198932949286,-94.99541846078176
2716.6671972656245,9.654009133794684,0.9886944786244971,-95.29548425728811
2725.0005322265624,9.3719222230332,0.9899678487051504,-95.5496784091718
2733.3338671875,9.216573669206534,0.9904556822443494,-95.24746595496005
2741.6672021484374,9.106931320032981,0.9866521541290799,-94.51007059204517
2750.000537109375,9.067303889990823,0.9871828631479443,-94.27141911898921
2758.3338720703123,9.020491419738432,0.9880717145025668,-94.4679122018372
2766.6672070312497,8.984944427551257,0.9902795064692029,-94.64528070294966
2775.000541992187,8.864065231620405,0.9878961476558876,-95.1538375493767
2783.3338769531247,8.696020598950533,0.9850108630552781,-95.43465558087061
2791.667211914062,8.630182803409802,0.9864030716242189,-95.23456063468608
2800.0005468749996,8.58674163739351,0.9879395164153945,-95.4212209768659
2808.333881835937,8.44959759189183,0.9887475953235587,-95.12822294047957
2816.6672167968745,8.276512954382373,0.9907190016617582,-95.05050327222811
2825.000551757812,8.11893534845227,0.9888589540652131,-95.62939780929065
2833.33388671875,8.092470880775004,0.9884083677714688,-95.7857349285197
2841.6672216796874,8.051203115174584,0.9871207343089694,-95.9806559860471
2850.000556640625,7.911822156042307,0.9860133451876333,-96.10999504425814
2858.3338916015623,7.8889608907968745,0.9895351453362871,-95.96701938283482
2866.6672265624998,7.880047004103433,0.9883637956969619,-95.96751105696468
2875.000561523437,7.816542917115501,0.9880029919970724,-95.83762817746836
2883.3338964843747,7.718499724518747,0.9875670586352806,-95.53102847894586
2891.667231445312,7.653996519939755,0.9886896666770758,-95.20466507245563
2900.0005664062496,7.682040111739799,0.9888901610780374,-94.6635728154721
2908.333901367187,7.711913568232338,0.9872254849055141,-94.65298343406585
2916.6672363281245,7.649056672756619,0.9882245680202455,-95.24875600265237
2925.000571289062,7.626368463315749,0.987115921871094,-95.89911066727258
2933.33390625,7.630371562184466,0.9865182140008022,-96.55907056325212
2941.6672412109374,7.526304738879553,0.9857641198246601,-97.00710404754757
2950.000576171875,7.422373958820634,0.9843333246987038,-97.4156036488155
2958.3339111328123,7.406496272429124,0.9842247034480082,-97.65996664492502
2966.66724609375,7.406672913894229,0.9825192534215385,-97.30346333553753
2975.0005810546872,7.389670412544416,0.9839988755846999,-96.85443123174736
2983.3339160156247,7.318296311676375,0.9815963722488188,-96.3996400022393
2991.667250976562,7.33058950783093,0.9803797289609573,-96.45672813065241
3000.0005859374996,7.351521702467116,0.9847343648221326,-97.55802731411322
3008.333920898437,7.264557395156858,0.9835481966041882,-98.07393881266981
3016.6672558593746,7.225096887096827,0.9807693535696442,-97.23999304205267
3025.000590820312,7.26976041738726,0.9864606697387689,-96.65848724045159
3033.3339257812495,7.282137494981791,0.9875253177083996,-97.27203951023425
3041.6672607421874,7.227556310417635,0.9871908611550051,-97.66300592357972
3050.000595703125,7.100330581006136,0.9862603593224779,-97.27943611473611
3058.3339306640623,7.059143541823543,0.9847009836636283,-97.42526326403777
3066.667265625,7.134865389398238,0.9852322478022784,-97.59528391643917
3075.0006005859373,7.200877827839131,0.9835715702372225,-97.26653340939843
3083.3339355468747,7.253451820872907,0.984143862220396,-97.4863872541803
3091.667270507812,7.271614524467973,0.9842515251339113,-98.31021154963781
3100.0006054687497,7.243566992679551,0.987422882035528,-98.43544554851155
3108.333940429687,7.165427923648133,0.9869456123026936,-98.15054903310678
3116.6672753906246,7.126724746304378,0.9830802684187556,-98.49271621616438
3125.000610351562,7.171187370156103,0.9807878436643268,-98.6921882379357
3133.3339453124995,7.188411300802318,0.9783805714337929,-98.45909679107564
3141.667280273437,7.222941075894841,0.9804829792477235,-97.68776672413753
3150.000615234375,7.354722898689576,0.9862796648214047,-96.99384500295642
3158.3339501953124,7.493339290184223,0.9860167486747328,-97.81259607616212
3166.66728515625,7.822536058075242,0.9822211942197793,-99.14002622104918
3175.0006201171873,8.184191051951384,0.9558422632286456,-105.38493423672757
3183.3339550781247,7.249624933106675,0.8167034796920112,-112.99999400344932
3191.667290039062,5.850758734052089,0.8731550861992263,-108.13036886102832
3200.0006249999997,6.152830515616376,0.9805837701921691,-98.23139678074116
3208.333959960937,6.654036013561273,0.9800124069850401,-97.26112850420955
3216.6672949218746,6.801128341994666,0.9735571977010868,-97.35943478358661
3225.000629882812,6.8929892073771715,0.9741079779616071,-98.43550525069944
3233.3339648437495,6.913257295246856,0.9752182260685546,-99.1062658208322
3241.667299804687,6.969641954833938,0.9755174947287607,-98.23220208562354
3250.0006347656245,7.112106539493505,0.9772209146025974,-97.28959833569925
3258.3339697265624,7.242327977486991,0.9781286099353068,-97.81807610649182
3266.6673046875,7.323261913941379,0.9780962195800516,-98.64027997682088
3275.0006396484373,7.355977329772326,0.9741281294355428,-98.96406884459194
3283.3339746093748,7.315694395985499,0.9756393533223109,-98.6353718709893
3291.667309570312,7.379332088356435,0.9788319445387588,-97.87996511449876
3300.0006445312497,7.566112395374029,0.9765936203450133,-97.75727907717562
3308.333979492187,7.701014620247698,0.9791201401756011,-98.58687719513458
3316.6673144531246,7.688629099967005,0.9777729605033985,-99.30368726883452
3325.000649414062,7.7415683317066355,0.9763239986198211,-99.28176092560366
3333.3339843749995,7.902744357328744,0.9733617050594798,-99.31424108091353
3341.667319335937,7.921117017579572,0.9744885068517453,-99.88639818001198
3350.0006542968745,7.851051717676212,0.9765769705293605,-100.41473438844375
3358.333989257812,7.8080965706577565,0.9761732640342438,-100.35730646920751
3366.66732421875,7.855116179428161,0.9752840439902004,-99.97772522253506
3375.0006591796873,8.03399028152835,0.9777437285422239,-99.65998702342873
3383.333994140625,8.181158781342182,0.974680321684542,-99.4884807021891
3391.6673291015622,8.303121977241712,0.9700486142037443,-100.43836926876722
3400.0006640624997,8.47488276760258,0.9736547572780218,-101.64753692052619
3408.333999023437,8.541350505085578,0.9683513559587368,-101.88864773480064
3416.6673339843746,8.588716912514798,0.9697011356415816,-101.6085160211972
3425.000668945312,8.596909334414663,0.9713368829317985,-101.71164151624704
3433.3340039062496,8.643113573517596,0.9670992172116609,-102.25013468210042
3441.667338867187,8.80693443160787,0.9613653609768006,-101.93595254692684
3450.0006738281245,8.997508741573702,0.9576396012866206,-100.79475504410266
3458.334008789062,9.250764896713767,0.9575602630521736,-100.74529754673215
3466.6673437499994,9.466668463470373,0.9666825768321676,-101.57137497441666
3475.0006787109373,9.50910158065388,0.9684852055810621,-101.79539501768923
3483.334013671875,9.644309787813283,0.9709204060805938,-101.5585160033728
3491.6673486328123,9.858862928059084,0.9699203959429006,-102.2307207772597
3500.0006835937497,9.994218068976062,0.963210997923014,-103.03744713923004
3508.334018554687,10.215015834343479,0.9611342858541543,-102.70550699236667
3516.6673535156247,10.55870057271602,0.9608426347468484,-101.68256699496811
3525.000688476562,10.964496380428134,0.9653240483879639,-101.2722370522734
3533.3340234374996,11.280745775555022,0.9483393963401172,-101.8272313571355
3541.667358398437,11.588936915804135,0.9435969741221063,-102.00777453925195
3550.0006933593745,12.043881152636514,0.9620600395634433,-102.7337811520631
3558.334028320312,12.319028722260787,0.9596798969320153,-103.63955458213798
3566.6673632812494,12.625363562571632,0.9464013541002558,-104.35398488983515
3575.0006982421874,13.059068216262343,0.9488671650878147,-104.99254977216044
3583.334033203125,13.70546265795675,0.9541829020971555,-104.39459115346271
3591.6673681640623,14.454905368298935,0.9509283311321512,-103.88844576403669
3600.0007031249997,15.117760828420334,0.9484547691972617,-104.09926079061663
3608.334038085937,16.099782758696332,0.9462772334007081,-104.1931803808053
3616.6673730468747,17.16406041324673,0.9403286177762317,-103.9265853828759
3625.000708007812,18.210036436462957,0.936445416909254,-104.29582293825142
3633.3340429687496,19.6982311924298,0.944577004148303,-105.8122229293245
3641.667377929687,21.35440754492764,0.9446954138812108,-107.18007951206387
3650.0007128906245,23.62044170163546,0.9543400892374189,-107.63217143284537
3658.334047851562,26.20384760008463,0.9576158562149188,-107.08831616296504
3666.6673828124995,30.029271998975993,0.9566544249765478,-106.94441358930592
3675.000717773437,35.77018083487733,0.9459103470621801,-110.18798330883499
3683.334052734375,47.56630217091215,0.9495571998168885,-116.75980503484149
3691.6673876953123,63.29162361984873,0.8904277111283261,-136.5002687192996
3700.0007226562498,65.69075454237547,0.7098447806101178,-168.81725849084012
3708.334057617187,45.22401688035272,0.6771446104413104,162.76118110968494
3716.6673925781247,17.705971029089895,0.864805126699248,35.7882837004376
3725.000727539062,31.653451951926534,0.9153951694498759,-129.45904114218598
3733.3340624999996,69.21464089379931,0.8709088252084083,-136.7697348852931
3741.667397460937,112.98878410747082,0.6561053383423436,-172.25814051094284
3750.0007324218745,126.90276696400501,0.5899989356907691,142.38449329217994
3758.334067382812,98.44051229132599,0.8295125908846165,104.37647211403748
3766.6674023437495,55.60645537328955,0.8944898410448656,82.60435939437534
3775.000737304687,36.73046060993426,0.8990958633566377,79.83143354970836
3783.3340722656244,28.620399005088725,0.9236701606658414,78.05041411838775
3791.6674072265623,22.571996495242654,0.9043130874125709,78.5641831320248
3800.0007421875,18.721501419891467,0.8855458088648861,78.58476699975684
3808.3340771484372,15.9591376599114,0.8695762424196486,77.0052701057562
3816.6674121093747,13.937652595085698,0.8768893588963043,74.56864702256382
3825.000747070312,12.164810651391523,0.8819075598191795,74.77465525641706
3833.3340820312496,10.55740180861336,0.8722557014264227,74.0318522485032
3841.667416992187,9.053682738386318,0.8396453342275644,73.44181368685494
3850.0007519531246,7.809147676356105,0.8130846297435742,73.81446711928876
3858.334086914062,6.850136278221788,0.8180318108196776,76.22415449509711
3866.6674218749995,6.181370015542181,0.8093979084330476,77.57074560043873
3875.000756835937,5.753018983547524,0.8105325681820187,76.22019273274607
3883.3340917968744,4.952567740536074,0.8013724659149801,74.77229592931076
3891.667426757812,4.255296314719673,0.801621056541227,74.71961504994977
3900.00076171875,3.7823416664943488,0.8095673896713051,73.4220641087979
3908.3340966796873,3.29498350896201,0.7661723310167934,74.70129480394803
3916.6674316406247,2.993625764253562,0.7374974690945423,75.67301640830392
3925.000766601562,2.5904850402357558,0.7134713759666529,80.05058009348447
3933.3341015624997,2.1622035219986406,0.644945557753995,86.85960905244056
3941.667436523437,1.8795118293051876,0.6379826996670028,90.78862161403984
3950.0007714843746,1.5735093891351635,0.6501314882042386,96.6826043862344
3958.334106445312,1.555479354170958,0.6532697220922177,100.54618481062273
3966.6674414062495,1.3784631014881765,0.6585845909333738,106.37736022429544
3975.000776367187,1.1968685072465166,0.587233528197911,118.47610771979058
3983.3341113281244,1.2383736592359726,0.5309625421537423,125.7087181425406
3991.667446289062,1.2388716255196701,0.4895280341617524,65.32766155283898
4000.00078125,1.371765012494295,0.5382913516064228,2.656912001948058
4008.3341162109373,1.5798081509596793,0.5853190588091188,12.112660237315925
4016.6674511718747,1.7262426052739537,0.5924661490907722,84.12679457878252
4025.000786132812,1.8022692838729046,0.5742612895944141,78.07791255213314
4033.3341210937497,2.0410814414271843,0.6025411600460264,54.4520617808043
4041.667456054687,2.1295167770060557,0.6011330650496145,48.20120476384597
4050.0007910156246,2.397570770987829,0.5885151290662362,45.26366243400858
4058.334125976562,2.9960077988594533,0.6410029274728399,54.43923176008743
4066.6674609374995,3.722651302229171,0.73207158674766,-16.261314784754596
4075.000795898437,4.862838815136656,0.8016832978480821,54.283913183288156
4083.3341308593745,7.050167602716659,0.8501955659927241,-159.27095211837323
4091.667465820312,12.392694585701195,0.8367938028203848,-27.857958057251818
4100.000800781249,17.792176299575974,0.6645772500030883,80.69130434109418
4108.334135742187,18.616335083944165,0.6505339962539388,110.13108511944696
4116.667470703124,13.678662349648889,0.8388796974730525,74.38604936523981
4125.000805664062,8.14273658042691,0.8783489208376164,59.21643873320254
4133.334140624999,5.6921930872759035,0.8731651684621411,59.16024955052704
4141.667475585937,4.390262646111666,0.8654873150810524,58.31669785641333
4150.000810546874,3.696480281185295,0.8666977512202955,60.918631872933325
4158.334145507812,3.1292882793432377,0.8584955158380275,63.002707048087665
4166.66748046875,2.7588864219802787,0.8635521510928168,65.60525292200239
4175.0008154296875,2.495277651156305,0.8207840198522544,69.28194696725363
4183.334150390625,2.310302068452596,0.8280970643601041,72.59297550811972
4191.667485351562,2.1606415503792897,0.823399509380019,73.70194446545995
4200.0008203125,2.113852861657727,0.8191574534769641,72.11788712022602
4208.334155273437,2.0315824446672863,0.8431148139433107,71.18369528547078
4216.667490234375,1.7770286031986098,0.8008974172037094,72.15160529029532
4225.000825195312,1.514101351724023,0.7525067697549338,77.87053038263431
4233.33416015625,1.413885999530367,0.7294330581022642,81.4191635129887
4241.667495117187,1.441800015628784,0.7685126932426448,82.27389039063986
4250.000830078125,1.4521630689274947,0.769613665497593,83.06381445417489
4258.334165039062,1.4144522021455936,0.7462516053415935,83.68659359132921
4266.6675,1.3769304346734148,0.7660403740989057,82.89394036792888
4275.000834960937,1.295012404876315,0.7645588970290891,82.54593165118129
4283.3341699218745,1.1830541644112964,0.7330061958474866,80.63082000931408
4291.667504882812,1.1239357757718627,0.7017806227190269,77.6724993666997
4300.000839843749,1.0887184483674988,0.7067017468243882,76.90271919827872
4308.334174804687,0.9833261620065445,0.7077607568694322,80.29732239022067
4316.667509765624,0.9178577857270485,0.7137800351338027,80.36587501513377
4325.000844726562,0.9245519130836424,0.7355968190103773,78.47848414584271
4333.334179687499,0.9229059866133881,0.6872295427365548,80.83333321160379
4341.667514648437,0.9283517153878843,0.6878546741689885,81.50314466683035
4350.000849609374,0.9399788089321389,0.7196491422412942,79.33726673377826
4358.334184570312,0.8748649708501252,0.7414420841902711,77.41634070300188
4366.667519531249,0.8055482904131573,0.7227760240500768,75.91597136850751
4375.0008544921875,0.7309672039362312,0.6489885482435243,76.34730472544747
4383.334189453125,0.649688060327331,0.6197767859317291,77.99787447555438
4391.667524414062,0.6173276824532367,0.6183161809775429,82.14362756120609
4400.000859375,0.605117456309824,0.612559918623315,81.68594956503348
4408.334194335937,0.5699536003598554,0.6364364395685213,77.83224786678988
4416.667529296875,0.5753629984893559,0.6079108797224515,74.4494789024319
4425.000864257812,0.5527668275221476,0.6077694723964712,74.31300929697105
4433.33419921875,0.5073817590995533,0.5781783579384848,74.02592138898828
4441.667534179687,0.4461487771674935,0.5315293721860453,74.02918455667182
4450.000869140625,0.3895884176657422,0.49941889117627636,77.75433851220808
4458.334204101562,0.34208899145432053,0.43509937817448563,83.75727005760264
4466.6675390625,0.3221182902710855,0.4408018450345542,85.8299762110374
4475.000874023437,0.3015397562375926,0.47600384689096203,84.86738810980167
4483.3342089843745,0.310588682131827,0.4300418320152589,86.08483309859875
4491.667543945312,0.330084237217374,0.3687809464188218,78.30072403570387
4500.000878906249,0.3080219468429667,0.31772517136711387,67.77558267318345
4508.334213867187,0.22006648643531496,0.29888711852659566,71.07710160100031
4516.667548828124,0.1763567683730073,0.2868601855862728,87.47593099972939
4525.000883789062,0.15007901794762368,0.2661785285402696,73.67288476875264
4533.334218749999,0.08431461941316032,0.1269611874024001,48.63687546283018
4541.667553710937,0.08610582363259991,0.0763163904883358,106.23087149357316
4550.000888671874,0.09927321518384534,0.12281126601223587,99.22615210684084
4558.334223632812,0.11139820188169305,0.14874607776342263,91.571693644546
4566.667558593749,0.11180762660528068,0.13076055839219217,80.14054812236411
4575.000893554687,0.09584617960265146,0.11719791306814539,41.88029753194665
4583.334228515624,0.07780547675374065,0.07532389332080436,43.776826970754016
4591.6675634765625,0.06617012333184419,0.08169686676517102,35.894581114574535
4600.0008984375,0.046455419929945535,0.10728852698045602,-13.632199292927874
4608.334233398437,0.025614922953696526,0.11940576468288641,-46.40632395911026
4616.667568359375,0.025475959996810075,0.13804555096361643,-52.42650796444004
4625.000903320312,0.08815098071026395,0.18824579755995868,-6.7410056768869335
4633.33423828125,0.10769438043158075,0.22344940531739463,-90.72925309994042
4641.667573242187,0.0644918210408424,0.23078825470671535,-28.442617754663694
4650.000908203125,0.08270396319047572,0.3028138158691335,-95.05223625418841
4658.334243164062,0.12729821437333835,0.3066925235575216,-81.0250994556956
4666.667578125,0.15875041390451838,0.3334912197306381,-68.71872852259602
4675.000913085937,0.19149222695421217,0.37072941055224506,-76.59863770593174
4683.334248046875,0.19788457157043504,0.3923947817654477,-112.09796839672603
4691.667583007812,0.21591990155828086,0.37676025212298586,-114.91436995071248
4700.0009179687495,0.23887727468977665,0.4033631601364645,-103.46812230808705
4708.334252929687,0.2602699106447706,0.45906444729096174,-101.9983103370905
4716.667587890624,0.2398539384282609,0.49273726128451545,-101.3501056581193
4725.000922851562,0.2372344840196658,0.5153718365064706,-87.39524508453319
4733.334257812499,0.27244103529657737,0.5667431991459142,-102.51842892530802
4741.667592773437,0.30722075795171566,0.6108255447556482,-101.62459583709615
4750.000927734374,0.31625931176240757,0.6031151916185202,-97.31832635299845
4758.334262695312,0.31641798917944397,0.5931743591802012,-93.8034927420918
4766.667597656249,0.3340441364495058,0.5790498326119685,-104.69957970388407
4775.000932617187,0.364284963688301,0.6177451592592134,-108.19697218259235
4783.334267578124,0.36420441504335704,0.6374257799219214,-105.71186101359756
4791.667602539062,0.35253941741401557,0.6016119809006332,-103.21867948627865
4800.000937499999,0.363451733379747,0.6218068825981882,-103.95228523962881
4808.334272460937,0.3781028909780092,0.6495958218929763,-104.27438398456454
4816.667607421875,0.42333897778785373,0.6926905204644395,-103.5927312521917
4825.000942382812,0.4595465873955367,0.7280917063082563,-103.60401124277834
4833.33427734375,0.44171017172531807,0.7015568936831714,-102.65994097915188
4841.667612304687,0.4385920978418805,0.7052452684614174,-102.70320306635271
4850.000947265625,0.43723285818827456,0.713362901845848,-106.230993818248
4858.334282226562,0.4369251224840024,0.6869834647659874,-103.87099584817383
4866.6676171875,0.46772831065280446,0.7166066949357679,-100.38919955382518
4875.000952148437,0.497882372029089,0.7296957421460237,-102.48277943273888
4883.334287109375,0.5272412951234247,0.7685070518254802,-102.31554138904038
4891.667622070312,0.5633073747118491,0.8011923472363908,-100.45517174224308
4900.0009570312495,0.5748957540782489,0.7790201340607035,-98.33329685717459
4908.334291992187,0.5636791433815405,0.780592426829264,-96.58627581550184
4916.667626953124,0.5543983145526155,0.8049943871558014,-98.6940967354576
4925.000961914062,0.5469631992491204,0.7955673557849816,-101.95102127839229
4933.334296874999,0.5673329626684498,0.7995141210590363,-102.65687418214081
4941.667631835937,0.6090763959505697,0.8148925174970065,-101.8069941158047
4950.000966796874,0.5915661464913684,0.8010874041432843,-102.79024190925361
4958.334301757812,0.5869574095102005,0.8102168408798512,-104.0192017913522
4966.667636718749,0.626329094177526,0.8537154176591623,-105.15805821703142
4975.000971679687,0.6490686385747734,0.8530060315289116,-104.82640650982167
4983.334306640624,0.6386873209279148,0.8278789114552196,-102.2803905797187
4991.667641601562,0.6169551971088152,0.8081643667832159,-102.63138655146342
5000.000976562499,0.6391169274725378,0.846958799790632,-103.61466765239224
5008.334311523437,0.6761865409766041,0.8796207429472259,-103.01320018073685
5016.667646484375,0.6690766829926418,0.8505572794725896,-103.97484080942566
5025.000981445312,0.6527775432062681,0.8357762198681273,-106.27427343745008
5033.33431640625,0.6613843420718175,0.823411492578067,-108.20276824805578
5041.667651367187,0.653368255082423,0.8063860155435073,-108.35172230832532
5050.000986328125,0.654525961941667,0.8135953519205978,-103.47093647960307
5058.334321289062,0.6870373337297242,0.8455314815841669,-101.00936772133244
5066.66765625,0.7025633580722995,0.8512444318220318,-101.74379725621836
5075.000991210937,0.6929506779254013,0.8658926043792532,-101.478980879027
5083.334326171875,0.7089535065916024,0.8677507301129535,-100.52660927319383
5091.667661132812,0.7279440305820931,0.865499413508668,-100.18933120187262
5100.00099609375,0.7361596896617912,0.8584220161114418,-101.67281131115631
5108.334331054687,0.7169407124038853,0.8589680371470708,-103.88625596411131
5116.6676660156245,0.6855392134021839,0.8103613948571662,-102.42858160920423
5125.001000976562,0.707614105954805,0.8207176376044565,-98.80915519630419
5133.334335937499,0.7640810670016488,0.8631853374011517,-99.57395359534313
5141.667670898437,0.7883001781945757,0.8507944672622691,-100.97696225572795
5150.001005859374,0.8074125327192706,0.8628361715746186,-101.19706581919772
5158.334340820312,0.8242112139164529,0.8891893067463684,-101.21230243437044
5166.667675781249,0.8092016224568204,0.8836136003566999,-100.287190074319
5175.001010742187,0.8209232122625784,0.8742732176283369,-100.05488816247072
5183.334345703124,0.8520715733314429,0.8651847401623165,-101.84215997965183
5191.667680664062,0.8446501897592025,0.8688647888930181,-104.65190199062567
5200.001015624999,0.8565927087709496,0.8722122971242715,-103.90275770817448
5208.334350585937,0.8799385082884297,0.8814473703326952,-101.82030172162479
5216.667685546874,0.8747939678776004,0.8973996236896997,-102.52718527150243
5225.0010205078115,0.8766047689321437,0.8943822370186968,-103.33300716655715
5233.33435546875,0.8930033939480603,0.8896579539466842,-101.60665737308743
5241.667690429687,0.9561964274625199,0.9170976734795113,-99.71185974928662
5250.001025390625,0.9762619392291205,0.9245908904144693,-102.54414259240153
5258.334360351562,0.9566524749455483,0.9122375621099772,-103.95669912161165
5266.6676953125,0.9546988699635017,0.9089965130450277,-102.93579580649168
5275.001030273437,0.9448622830764936,0.8916617826462548,-104.26133231324263
5283.334365234375,0.9242428143851473,0.8767834642800929,-104.63114081730161
5291.667700195312,0.9222755790244768,0.869824658346313,-102.15702869199448
5300.00103515625,0.932763212602692,0.8745473517388185,-101.4624828000605
5308.334370117187,0.9596320878899871,0.8957111702624265,-101.5392505578574
5316.6677050781245,0.9927384776600408,0.8948346182510478,-101.6475480919026
5325.001040039062,1.0128201287645748,0.9020576394193422,-103.03109334580003
5333.334374999999,1.0342352142999254,0.9145040760184934,-104.47449312250191
5341.667709960937,1.0388945597850683,0.9113059153591767,-104.25808062641474
5350.001044921874,1.025895026368753,0.8959540855901285,-104.10691070789669
5358.334379882812,1.0240422451591327,0.8954838085340755,-103.91266622432798
5366.667714843749,1.0490138254596173,0.9201068554993425,-103.13543736550817
5375.001049804687,1.0436040918831664,0.9055238530389783,-103.30302747207722
5383.334384765624,1.0391105916131458,0.8992270612892203,-102.70883296541459
5391.667719726562,1.07790149310167,0.9172924729691054,-100.81911240078065
5400.001054687499,1.1254716306071124,0.928813534216396,-100.91486829981932
5408.334389648437,1.1637916715970538,0.9308998496084862,-103.2920887777743
5416.667724609374,1.1614454770570628,0.9319939105385912,-105.0683607038026
5425.001059570312,1.1677262835570985,0.9194451383975111,-104.27356868713461
5433.334394531249,1.1674198692573103,0.9006469519023115,-104.11258602656854
5441.667729492187,1.1565807366181688,0.895969423225927,-104.27242825352316
5450.001064453125,1.1530964410870486,0.8997717176752165,-101.91602792412047
5458.334399414062,1.177028886428752,0.9078226226167786,-100.2013372174918
5466.667734375,1.214585944156649,0.9130458223150896,-100.88245634491776
5475.001069335937,1.2368202446780396,0.9038110438987413,-100.09731146409676
5483.334404296875,1.2604443559688872,0.9248060708104753,-99.64761107459705
5491.667739257812,1.2611906472114458,0.9088671069819885,-101.50591016126633
5500.00107421875,1.2672524832611136,0.909094772864391,-103.13660924660454
5508.334409179687,1.2690762622317258,0.9072653851172061,-103.71394574081985
5516.667744140625,1.3200893720217362,0.9115520509694814,-103.30166540173893
5525.001079101562,1.340571880466008,0.9109968599421479,-103.56663642413471
5533.3344140624995,1.2948793102949399,0.9008992557266812,-103.05351228990853
5541.667749023437,1.3182183857146155,0.9191004203637057,-100.51899577477485
5550.001083984374,1.3844729618979261,0.9306443492338909,-100.3058496929729
5558.334418945312,1.4231965870227108,0.9303499179486325,-102.1867568171929
5566.667753906249,1.4392378602672358,0.9356337391129982,-103.91684219623566
5575.001088867187,1.4551022414932187,0.9233502135193158,-104.47134477140688
5583.334423828124,1.480047217932758,0.9211753198079821,-104.82634618330117
5591.667758789062,1.5105615197048792,0.9078820982377149,-103.83952233829015
5600.001093749999,1.4998779600733871,0.8989942325136576,-101.62802553773831
5608.334428710937,1.4923248472953694,0.9102048927688596,-99.43224573320035
5616.667763671874,1.5162799771413993,0.9137359455575684,-98.81863628902549
5625.001098632812,1.5682289213264917,0.9080435879347716,-101.87385401542315
5633.334433593749,1.6433942013946212,0.9271956062734775,-102.45743055274465
5641.6677685546865,1.6804454765344428,0.9396529150210503,-101.38299592357184
5650.001103515624,1.7067167347048258,0.9327097363874234,-103.61148755539504
5658.334438476562,1.6959982958565938,0.9208080979562491,-106.97507895240756
5666.6677734375,1.6773356047118755,0.9133014319462676,-106.89570479218682
5675.001108398437,1.755297054515598,0.9326497685202334,-105.94958127039327
5683.334443359375,1.8303967607204283,0.9239250937918871,-104.31954157041164
5691.667778320312,1.8540745010886772,0.9129215593402874,-101.92168494920881
5700.00111328125,1.9384277611753267,0.9208165222380453,-101.05594008834224
5708.334448242187,2.0399899033559517,0.9285958757133652,-100.39895697588122
5716.667783203125,2.11942399731807,0.9284273086327168,-102.14332874620995
5725.001118164062,2.235176202658475,0.927842246022208,-103.88017591770229
5733.3344531249995,2.309680675581614,0.9475957134525196,-104.3040875973696
5741.667788085937,2.321148984482398,0.9444563008311387,-104.85866595605853
5750.001123046874,2.431880250464588,0.9376583800452976,-104.90639707181754
5758.334458007812,2.541861526499208,0.9432200945500471,-104.14666213961866
5766.667792968749,2.6297942339702347,0.9397076325444994,-103.22525379942252
5775.001127929687,2.8355787042051404,0.9487258226279647,-102.97492866260473
5783.334462890624,3.0648556864152647,0.942717209829849,-103.426778589938
5791.667797851562,3.3048251806020614,0.9398061838511168,-103.82647439600046
5800.001132812499,3.5985223080140134,0.9367388660163339,-104.52495098819959
5808.334467773437,3.973840292551238,0.9470202927657982,-105.68528706421826
5816.667802734374,4.363077979038617,0.9461184030661549,-106.50237903978423
5825.001137695312,4.966537892206617,0.9479004449228849,-107.8501955618909
5833.334472656249,6.049912287961088,0.953823735079007,-109.50734585905516
5841.667807617187,7.698353480517645,0.9454708617042018,-112.11297298846883
5850.001142578124,11.39148500351012,0.9557874458025803,-118.90767502307445
5858.3344775390615,16.941410111551665,0.874265610637748,-144.1375136650111
5866.6678125,19.80647553008819,0.7150331134078421,177.38741705445403
5875.001147460937,16.580276668656058,0.7826677416675265,137.28088672025677
5883.334482421875,9.743011472593196,0.9185166267219105,104.69350682169708
5891.667817382812,4.462905414052793,0.922524609214795,98.51636219656072
5900.00115234375,3.4410688003064713,0.4912357572464903,134.68314736070573
5908.334487304687,5.383603712803692,0.4267176659881501,130.98628152115398
5916.667822265625,5.198744450257839,0.7241549179481932,101.72105927704135
5925.001157226562,3.62604690216327,0.9078545704543451,82.61483067437015
5933.3344921875,2.5909503310844997,0.8964724077516582,81.27408050905804
5941.667827148437,2.0275777704871434,0.8840900794582612,81.52916923399923
5950.0011621093745,1.5504250206413277,0.8435596066832309,84.0106436333272
5958.334497070312,1.1751240431547616,0.7945919708675298,83.33956281115587
5966.667832031249,0.937568280911492,0.7859215191253905,86.71805206271513
5975.001166992187,0.832129448940304,0.7906115515048289,86.79110574602096
5983.334501953124,0.7339556911646501,0.7869406012916549,87.79669372889732
5991.667836914062,0.6043316486792922,0.7650322274535923,87.4747748805943
6000.001171874999,0.4950011589419708,0.7379278728312096,84.06850643198831
6008.334506835937,0.4411700930783642,0.7197374443408462,87.0295932840427
6016.667841796874,0.35916314245347186,0.6758351221517357,88.26064720415638
6025.001176757812,0.2868238580659904,0.6164017304952637,86.67140326825759
6033.334511718749,0.1850606934492725,0.5211119973072471,83.42985369641899
6041.667846679687,0.13262957409897086,0.36452934317000274,93.80093506660428
6050.001181640624,0.138424699669364,0.23345744509582547,116.79443357998647
6058.3345166015615,0.056524225413949324,0.12606798301459649,42.69394950211633
6066.667851562499,0.04652397131760795,0.18061105582306283,-42.78338919916514
6075.001186523436,0.07829006044467897,0.3007912293766896,-73.58918886039405
6083.334521484375,0.12262684849330001,0.4062993862475611,-71.83611110995986
6091.667856445312,0.10869977900983036,0.4367337655836307,-84.71557564182294
6100.00119140625,0.191629348494017,0.46472967208814336,-101.91614266240694
6108.334526367187,0.19068551093715747,0.5178711221554597,-107.11890664014166
6116.667861328125,0.25581899401630953,0.5598331656700273,-106.26869306541339
6125.001196289062,0.2593823967950095,0.5684833286976853,-100.55334341226825
6133.33453125,0.27104311497515826,0.5589908478926392,-100.47814235050274
6141.667866210937,0.36262508402730714,0.6223004625858815,-105.00959498781413
6150.0012011718745,0.255369421770343,0.6520040217887129,-60.695201409017066
6158.334536132812,0.31460032397958404,0.6511776625984262,-54.25567899791879
6166.667871093749,0.45985936527552423,0.6635477773875922,-114.1717753240496
6175.001206054687,0.46289423548160913,0.6568481046435002,-108.42458919792493
6183.334541015624,0.40836477229507,0.6666230978620118,-100.07460030409545
6191.667875976562,0.3889783754728517,0.6956980367989285,-86.42880177447933
6200.001210937499,0.49885680394500753,0.7085814450036962,-112.59411058665384
6208.334545898437,0.5726368935777582,0.7110568123450799,-107.7458935807816
6216.667880859374,0.47468973100190587,0.6955951828895413,-91.88971736105836
6225.001215820312,0.5129040237777076,0.6884309949407659,-104.68828665289638
6233.334550781249,0.6138288543665986,0.6964993851029936,-106.1569098585705
6241.667885742187,0.5128738920529452,0.7069028919907451,-95.98827745021276
6250.001220703124,0.4805729047457549,0.7161988474673981,-55.785409799272635
6258.334555664062,0.5129657060513041,0.7391119196906774,-53.76847413209597
6266.667890624999,0.5183887425797472,0.7211552144227652,-50.88990012036667
6275.0012255859365,0.41815782482811215,0.7062590348882707,-69.60253091527895
6283.334560546874,0.4006367229353233,0.709211512267561,-72.33295312815609
6291.667895507811,0.5984969725279496,0.7224138653130937,-114.20982524295626
6300.00123046875,0.6063296320756689,0.726457157589964,-116.44453410411575
6308.334565429687,0.6191252289630272,0.719756099151377,-114.9533476252891
6316.667900390625,0.5944040783180649,0.7121183025174597,-50.39590201371251
6325.001235351562,0.5450352657513241,0.7194861316277643,-56.765848795005944
6333.3345703125,0.6225650763582985,0.7220792055065559,-111.72845449487643
6341.667905273437,0.48299250534959703,0.7253944968301292,-69.10350416459569
6350.001240234375,0.577290292028435,0.7034937302880199,-81.10373004020508
6358.334575195312,0.705232662765768,0.6966508021868826,-103.53011031681265
6366.6679101562495,0.6286828767397605,0.7085069066000333,-97.47899639453071
6375.001245117187,0.6008700442931479,0.7258460924980614,-69.33257339672068
6383.334580078124,0.6058016073203948,0.7262969597340879,-64.47471452487818
6391.667915039062,0.5574501735917519,0.7255774317795236,-71.1791140552153
6400.001249999999,0.672486150566234,0.7108106255791025,-51.239373488513785
6408.334584960937,0.6518088219576672,0.7344875165704488,-52.40058950566164
6416.667919921874,0.4943958243909036,0.7365120491989187,-73.21791404438666
6425.001254882812,0.604515906475754,0.7384482887811048,-73.87419232878626
6433.334589843749,0.7135655774299392,0.7286835623424663,-47.25538496218494
6441.667924804687,0.8036652520796267,0.7258448555600759,-114.49578186672063
6450.001259765624,0.7556747821988643,0.7137378751068322,-114.54882011515652
6458.334594726562,0.765208786240473,0.7175258641456728,-118.11119593123753
6466.667929687499,0.6789463915255648,0.7037316452173975,-83.46614955976135
6475.0012646484365,0.7412076956696392,0.7150330974325946,-90.85945377641352
6483.334599609374,0.778435505778255,0.7254421160288987,-92.39499474925326
6491.667934570311,0.734854494012036,0.7189162990085313,-82.76789352083102
6500.001269531249,0.9097962131009357,0.7344450423968374,-110.2476908532868
6508.334604492187,1.0368680172867468,0.7690986579095136,-107.52109548617116
6516.667939453125,1.0510040847696234,0.7569141552945361,-104.320801155661
6525.001274414062,0.9912266647650393,0.7252601110719425,-105.03027408699413
6533.334609375,0.8927529612349329,0.7023007730785915,-103.69599255711788
6541.667944335937,0.9259418393509636,0.72430398876114,-101.90904048834656
6550.001279296875,0.813777869463841,0.7206535234905187,-118.76310172408118
6558.334614257812,0.8442868529995312,0.754545283105199,-50.734096032104574
6566.6679492187495,0.9070567174064834,0.7441525753436667,-118.49083501301217
6575.001284179687,0.9940444271560549,0.7238028544161689,-108.1935665857045
6583.334619140624,1.0609142433008119,0.7389780359314655,-108.1466279307413
6591.667954101562,0.9791560497464509,0.7374525481755262,-117.89424698538485
6600.001289062499,0.991825619694274,0.7280163507383475,-116.88937071093844
6608.334624023437,0.8606244434580071,0.7160882230419653,-85.14592083118723
6616.667958984374,0.8548386070414131,0.7242245326787673,-79.76462757674084
6625.001293945312,0.7720869231652863,0.6943303539274345,-63.48920155065008
6633.334628906249,0.8397075629365129,0.6826784653869848,-60.90253047137321
6641.667963867187,0.880885406994383,0.7062992168162863,-87.51281777533377
6650.001298828124,0.8947824661426783,0.7223479412824104,-86.98025636356081
6658.334633789062,1.1033130008004612,0.7376815259097386,-109.23159752485697
6666.667968749999,0.8604324213718282,0.7385348189688463,-71.30619819203461
6675.001303710937,0.875917038002007,0.71899325128875,-80.66215744978318
6683.334638671874,0.944408308617801,0.6878484069762859,-102.38298987157205
6691.6679736328115,1.0078880070405638,0.6988854190833933,-119.43064281996472
6700.001308593749,1.090145359717654,0.7188512437976583,-117.41013028475143
6708.334643554686,1.009601815563144,0.7113201646422038,-120.0965163659682
6716.667978515624,1.07278513178807,0.6926450254008925,-101.53382827993212
6725.001313476562,1.0181371994089339,0.6759859978254329,-103.37790394512527
6733.3346484375,0.9754745390483662,0.6810767871199921,-97.10679656728357
6741.667983398437,0.9744097117747867,0.6771560258358268,-95.322117500583
6750.001318359375,0.8791111887849997,0.6942519058998605,-79.26117988686391
6758.334653320312,1.0118979525360594,0.6961979200846051,-92.12047323467532
6766.66798828125,1.1577697641364308,0.7066909198357286,-105.8966363611872
6775.001323242187,1.208893858132451,0.71772720433893,-107.39817131857357
6783.3346582031245,1.0776094083897179,0.6777164122943086,-110.16669053970452
6791.667993164062,1.060211091225313,0.6793201726246542,-94.80464150965764
6800.001328124999,1.125775881855445,0.7129396925408746,-112.11866687177583
6808.334663085937,1.1166827755882007,0.7017805720303806,-113.83397365369055
6816.667998046874,1.0812134760900225,0.676313244737844,-99.74350972133081
6825.001333007812,1.0384065943317702,0.630179044507872,-102.50233427638452
6833.334667968749,1.0301454365150704,0.6160275071281726,-105.42379822440743
6841.668002929687,1.0759348469394943,0.6295194386651896,-107.45300044472876
6850.001337890624,1.144348471224368,0.6487323669019416,-109.47208886313445
6858.334672851562,1.2867847575165534,0.6915422589539061,-104.63193085278685
6866.668007812499,1.2108936554641567,0.6681553165664472,-108.95983778655375
6875.001342773437,1.2469379438252701,0.6611130434780487,-107.07451875113773
6883.334677734374,1.3485511545661502,0.6906592124806727,-108.17622710737837
6891.6680126953115,1.2399453440002872,0.670897674106665,-110.59661696519841
6900.001347656249,1.1745781123534573,0.6600085607332762,-101.05930326192201
6908.334682617186,1.164908967255586,0.6601662606588741,-119.11424268554921
6916.668017578124,1.1380179855941304,0.6392209448987038,-100.01152718655683
6925.001352539061,1.2261910316717752,0.6312144520962706,-98.41764783869061
6933.334687499999,1.2114213783930066,0.6389129635231638,-92.41645962846465
6941.668022460937,1.2140408914419187,0.6425976374001524,-100.32810538738813
6950.001357421875,1.2348814262714312,0.6416023986880895,-102.63246391517482
6958.334692382812,1.1750242764184364,0.6390806064558906,-118.3303963120748
6966.66802734375,1.1027422516554513,0.6614182235407572,-61.9703978499413
6975.001362304687,1.288753945243336,0.6496201809980332,-109.82201529523616
6983.3346972656245,1.415458988912402,0.6660546714419593,-97.74270262645229
6991.668032226562,1.2436562549744632,0.6335253310346929,-92.21166134224993
7000.001367187499,1.2093826726747454,0.639440194668874,-112.56716306573696
7008.334702148437,1.2432072705977535,0.641054309537272,-120.0281261847015
7016.668037109374,1.3041260591681416,0.6156600242817041,-108.56102635948102
7025.001372070312,1.408848762793862,0.6305505827128502,-107.61786066455124
7033.334707031249,1.4976767358077554,0.6500666984573022,-105.53236158585351
7041.668041992187,1.3646520422973056,0.6308711599607839,-95.55401622629418
7050.001376953124,1.4093408418364974,0.6396001478656534,-94.41117261641737
7058.334711914062,1.5237418130983682,0.6467109233717985,-94.2633575029729
7066.668046874999,1.4537924013674364,0.6122780065644589,-122.5091848495091
7075.001381835937,1.4860115853527713,0.5990675790663686,-104.99651288928703
7083.334716796874,1.4976229343918053,0.6266231626837045,-104.85032127165982
7091.668051757812,1.4527278607003804,0.6377206890497453,-104.6908773617514
7100.001386718749,1.436119026369599,0.6421235997725737,-105.39523041610553
7108.3347216796865,1.5255002260331907,0.6551898389444991,-102.5914558472663
7116.668056640624,1.406197792493962,0.6288539888831387,-86.563061508743
7125.001391601561,1.5489623526331766,0.6187457026461936,-101.84548019509265
7133.334726562499,1.606225480777376,0.6280021823634758,-105.38038756229221
7141.668061523436,1.4584627517235278,0.6121149337164592,-96.58136859100003
7150.001396484375,1.2877651294740724,0.6020722365545798,-86.21651654008755
7158.334731445312,1.3842090517812269,0.6040609668996062,-63.47738600936769
7166.66806640625,1.5365099811004055,0.6126925418866952,-113.16281750349472
7175.001401367187,1.4421378924059733,0.5977634966129116,-50.61796254243021
7183.334736328125,1.483395537407066,0.6050600589677785,-121.1452379183356
7191.668071289062,1.5154876612715267,0.612607536254717,-49.02714005339886
7200.0014062499995,1.7884683902446028,0.6308242363194649,-104.12892084545963
7208.334741210937,1.82513789817434,0.638000206731774,-111.45502129293463
7216.668076171874,1.818195176524712,0.6346006221159065,-116.2607616720497
7225.001411132812,1.665671507542417,0.5855654854131938,-116.94450672018179
7233.334746093749,1.714073525023022,0.6171710123887761,-120.0724350931293
7241.668081054687,1.7449356839328882,0.6359734733361867,-114.93287734713968
7250.001416015624,1.7671903484149012,0.633273031060291,-101.46376506665304
7258.334750976562,1.658390436329166,0.606453022579677,-96.3476473079658
7266.668085937499,1.8212503528598938,0.636596181356303,-102.76390360727324
7275.001420898437,1.873819891912043,0.6293427529253628,-95.45433590822331
7283.334755859374,1.9441465511926488,0.6612425555852501,-92.93565977798346
7291.668090820312,2.012809034299347,0.6481960950651855,-94.73987385986214
7300.001425781249,2.015762507443012,0.6328288350149898,-101.31605380733662
7308.3347607421865,1.9173068370867978,0.6137944333941933,-121.65236063364505
7316.668095703124,2.113889367000708,0.6339817657177571,-123.96107227925192
7325.001430664061,2.1183160282174445,0.5866522030570211,-119.9529614180946
7333.334765624999,2.1617368775498527,0.6189002405101466,-113.44651187511832
7341.668100585936,1.9825471378261208,0.613519920317211,-118.41890374813458
7350.001435546874,1.7917633783632436,0.56062719626007,-57.8117505419109
7358.334770507811,1.9680216165440998,0.5907224954534974,-118.71755717811224
7366.66810546875,2.189888415340809,0.6366938364215267,-110.07997692140853
7375.001440429687,2.280311175468235,0.6287364756056069,-108.77193886103366
7383.334775390625,2.267842629304471,0.5861116560364421,-102.7650607731083
7391.668110351562,2.3490609937485414,0.5316339253656672,-117.32999165681281
7400.0014453124995,2.7649884921356587,0.5741768316355378,-117.59176615752764
7408.334780273437,2.6634817539455673,0.5067963586933997,-136.05126774434763
7416.668115234374,1.9129501960926298,0.4550479801011414,-78.4883873519315
7425.001450195312,1.7142460712538858,0.5194698465276222,-118.69795740944753
7433.334785156249,1.8174739876140455,0.5394117921050701,-94.63372026654983
7441.668120117187,1.9546793202168578,0.5279543175940203,-104.88034730051663
7450.001455078124,1.8667994620317934,0.4398977925006477,-124.78116066063782
7458.334790039062,2.1355914475347535,0.49212152244869517,-131.7001783373761
7466.668124999999,2.256539573036617,0.5159959733628285,-130.79297868466216
7475.001459960937,2.180432991253298,0.5087947881250205,-107.71161289056211
7483.334794921874,2.1709763963504347,0.5291690354194125,-122.42463649027964
7491.668129882812,2.1500564013964008,0.5364009865472588,-118.15436532049412
7500.001464843749,2.440176041236354,0.5698125673845198,-102.65960720653234
7508.334799804687,2.7379657929578216,0.6096980282543958,-102.31340259797078
7516.668134765624,2.734275306099582,0.5601168904447948,-103.39424377432574
7525.0014697265615,2.6001916916051857,0.5190218091699512,-107.63697758057351
7533.334804687499,2.772545400046229,0.5690131670842197,-109.07191141300329
7541.668139648436,2.874459483611387,0.5811209930559249,-110.01861376026893
7550.001474609374,2.7672128866091494,0.5908680335489651,-76.84086129106967
7558.334809570311,2.9183355332883503,0.624148670576678,-68.46582286144985
7566.668144531249,3.1504442617977793,0.6070852665827141,-120.93998412752076
7575.001479492187,3.4217544769893906,0.6176530120536962,-117.1942162214411
7583.334814453125,3.664299619967552,0.6419675278515964,-126.24938549202393
7591.668149414062,3.9798836203576258,0.6718107776102608,-68.46784040165679
7600.001484375,4.199354589333984,0.6638997961242304,-77.93127013642861
7608.334819335937,4.656984699300141,0.6716718965893588,-118.81620478756383
7616.6681542968745,5.022959191438721,0.6799505715847303,-126.55389591422211
7625.001489257812,5.259963716116745,0.6490441726213982,-123.76315559220129
7633.334824218749,5.732513755038624,0.6688322658878763,-62.08188619734938
7641.668159179687,6.29584126003853,0.6786323849169433,-133.75146936711616
7650.001494140624,7.088914653000362,0.6872521594657173,-130.55439448957787
7658.334829101562,7.791748062924951,0.6780499300189822,-123.48254071104029
7666.668164062499,8.658930651609634,0.6656383001548662,-122.5227023892619
7675.001499023437,10.198249273737954,0.6793137039177779,-123.17393282338728
7683.334833984374,11.548042355499692,0.6813287611585568,-118.3383539055717
7691.668168945312,13.358216195216778,0.6763764076827257,-147.4998692576002
7700.001503906249,16.761097222729,0.7025329408236731,-149.85764155808033
7708.334838867187,19.38221377460335,0.6734368627957037,-161.13998420295792
7716.668173828124,20.85595117226552,0.6653574431907356,97.49447169807226
7725.0015087890615,20.750596623878973,0.6826286172595851,153.24616456691336
7733.334843749999,18.577968232565546,0.6882819358695061,138.97894457595208
7741.668178710936,16.023530212912416,0.6938288607873146,60.64555803324422
7750.001513671874,13.364599493779496,0.7000370077223633,116.86915315322517
7758.334848632811,11.02628352628183,0.7134537675422352,102.85284605865306
7766.668183593749,9.178744187942678,0.6883238658098485,93.32481050939126
7775.001518554686,7.943218636452917,0.6914571843330005,88.97993502335346
7783.334853515624,6.848700656667961,0.6945210097129231,89.43329275430844
7791.668188476562,6.038186708401973,0.6914136586448214,96.36565430875712
7800.0015234375,5.417345258866466,0.6800234966090603,88.70545261734321
7808.334858398437,4.908048079901333,0.6675448426064603,78.38140045260384
7816.6681933593745,4.226736194401555,0.6601733103312497,35.225147387776666
7825.001528320312,3.781183328012822,0.6640613529377113,88.99048392244917
7833.334863281249,3.503289573082144,0.6532761975258741,81.9288334880324
7841.668198242187,3.25606095905463,0.6589909288770457,70.92743097070094
7850.001533203124,2.95977094757775,0.6427325793841037,64.24128520667102
7858.334868164062,2.639253010040084,0.6338476484462949,26.08029746288222
7866.668203124999,2.5355400585035377,0.6348630344030629,73.56959200013647
7875.001538085937,2.386912447772446,0.6080764507421794,64.89907551249391
7883.334873046874,2.145648614229378,0.6102075550258617,98.63874295540431
7891.668208007812,1.844505663773967,0.5403306204091525,96.43803162631647
7900.001542968749,1.7247738827912478,0.543209190923446,38.1461111838253
7908.334877929687,1.8037890888002412,0.5375450723937429,77.12244298022387
7916.668212890624,1.671529418891543,0.5074889514378145,93.24851421814147
7925.001547851562,1.5919099543470736,0.528905024972129,24.15063551471774
7933.334882812499,1.490010288622745,0.5560972510158416,94.58529861113185
7941.6682177734365,1.2913752282630488,0.48735424260978216,37.378718905697035
7950.001552734374,1.3741144346347915,0.4744883955335215,72.84943902730018
7958.334887695311,1.2464213971160825,0.43833844363790186,86.88673472306105
7966.668222656249,1.0826795550199475,0.3626799905018599,81.22578548122335
7975.001557617186,0.9628206240751963,0.3623515030803606,79.82300993889096
7983.334892578124,0.9011350266199871,0.333545927519334,56.46157729201899
7991.668227539061,0.831335626340348,0.3257869022954466,48.6749380456378
8000.0015625,0.8695631306511613,0.3323275476003432,73.16452853202281
8008.334897460937,0.8043168270411853,0.3182946399665309,89.23950634079974
8016.668232421875,0.6257780912874517,0.2943941195900168,41.551061101212646
8025.001567382812,0.5492241441384114,0.2443633061192647,50.5301379655281
8033.3349023437495,0.5877666171026281,0.2555890774413913,80.87383883724797
8041.668237304687,0.5546716830127225,0.25670092915100123,96.126045572336
8050.001572265624,0.3134983345501292,0.21789076443989336,72.70203759820058
8058.334907226562,0.35986488238195985,0.21249411923312517,-13.59837423949817
8066.668242187499,0.37079399695055193,0.18727673983218618,112.28244891904706
8075.001577148437,0.4120167879524016,0.19748777029473544,55.589649083821726
8083.334912109374,0.2847818043680937,0.1604274102985757,56.26204093428506
8091.668247070312,0.1620239100654202,0.137474575452531,11.649694930217976
8100.001582031249,0.22626635388539623,0.08180874146619108,23.4159941234153
8108.334916992187,0.3599445200994208,0.12200490720434207,-16.00994085047207
8116.668251953124,0.27126239914452827,0.20693906830116057,-61.18635199642441
8125.001586914062,0.4664614877998212,0.28892289190609877,-67.04473076517422
8133.334921874999,0.8647722766259859,0.39308848799826973,-82.18260290328298
8141.6682568359365,1.34593229658804,0.47935607086407084,-22.1782951762189
8150.001591796874,1.5605210490095078,0.48625081386001734,134.82799108781757
8158.334926757811,1.1439173106830733,0.447769519266925,105.71891294174941
8166.668261718749,0.7973940231447986,0.34169625123710917,95.44578305766714
8175.001596679686,0.5179726841303005,0.27182793288807006,119.87689067310177
8183.334931640624,0.21242921426876013,0.19582127219939607,36.95153022047781
8191.668266601561,0.02488930370651399,0.18408832170672154,2.854321275273071
8200.001601562499,0.24199519215531484,0.20556512768268803,-47.26434164110118
8208.334936523437,0.5468902751311212,0.33417359039508066,-54.03422854529515
8216.668271484374,0.7040397224731367,0.3890998040398845,78.69844263463696
8225.001606445312,0.6613008941485552,0.37789210314933835,77.89788635120149
8233.334941406249,0.5764888108663456,0.34194891277044315,-83.02653184161746
8241.668276367187,0.8580389655254226,0.4597383593132835,-54.01188340732615
8250.001611328124,1.5286352996493493,0.5521715215408378,-68.99703614728875
8258.334946289062,2.5065092569199536,0.6369318707984886,-90.82747925041755
8266.668281249998,3.33424646610961,0.6574169591964238,32.39099410581715
8275.001616210937,3.6611167263796918,0.6329920769103855,75.0049702050917
8283.334951171873,3.3215076818965823,0.6224083156872077,115.3033424357777
8291.668286132812,2.3294283912957976,0.586911458248718,82.15534832677531
8300.001621093748,1.7603796493441437,0.5306602756551224,83.69092832858833
8308.334956054687,1.652169295342231,0.5293849193634617,83.00205817322754
8316.668291015623,1.594583496570811,0.5268507462213937,84.41717636494184
8325.001625976562,1.2106595328477223,0.4736662312878079,89.10151552343031
8333.3349609375,0.836934314890231,0.3986805880369563,32.23207162968204
8341.668295898437,0.7456622185632966,0.36155426490201775,77.65894600974664
8350.001630859375,0.8179763457195047,0.37206750228573837,71.52945751907637
8358.334965820311,0.9698163862854513,0.4240619909626934,72.21402917331953
8366.66830078125,0.6634575649443825,0.3412094695323505,67.38911470487821
8375.001635742186,0.4825174614693753,0.2727169856393411,68.78167401587037
8383.334970703125,0.5131853705208942,0.2536134231498979,73.55808842495016
8391.668305664061,0.4160455120543971,0.22847289946200106,77.92737023128788
8400.001640625,0.3593381614338587,0.26302155472877997,84.74458979207233
8408.334975585936,0.3759449313119897,0.28161732624055136,84.23112127837639
8416.668310546875,0.33705173042418013,0.32411453193677237,3.2319250211162105
8425.001645507811,0.18792200600880546,0.2600604609634401,-26.78638362332931
8433.33498046875,0.28184038873034334,0.2299731845615562,-63.37590565420699
8441.668315429686,0.3820899617097091,0.29386051996323115,-37.448108261565935
8450.001650390624,0.4808053440568264,0.3422410688074189,58.10317465754433
8458.334985351561,0.3710365417356692,0.31698067448380207,88.68308385501646
8466.6683203125,0.31503818247478377,0.2174582743175129,80.38693682627766
8475.001655273436,0.2439167866111079,0.1517663246542569,83.89662228114216
8483.334990234374,0.17832141527280895,0.15154127866288328,-0.2728188744615352
8491.66832519531,0.08166807498463358,0.11508936526213294,-1.7294411108135932
8500.00166015625,0.15936889122521877,0.10606483860618014,-51.43518362489971
8508.334995117186,0.16302895149137542,0.11402555305121638,-38.09963784211774
8516.668330078124,0.19665468215950974,0.0723881499004232,-59.89113066080334
8525.00166503906,0.11923202559179569,0.054848602974879215,76.85645518740941
8533.335,0.01747725769632873,0.08245444988670007,108.0
